[{"pk": 1, "model": "contenttypes.contenttype", "fields": {"model": "logentry", "name": "log entry", "app_label": "admin"}}, {"pk": 2, "model": "contenttypes.contenttype", "fields": {"model": "permission", "name": "permission", "app_label": "auth"}}, {"pk": 3, "model": "contenttypes.contenttype", "fields": {"model": "group", "name": "group", "app_label": "auth"}}, {"pk": 4, "model": "contenttypes.contenttype", "fields": {"model": "contenttype", "name": "content type", "app_label": "contenttypes"}}, {"pk": 5, "model": "contenttypes.contenttype", "fields": {"model": "session", "name": "session", "app_label": "sessions"}}, {"pk": 6, "model": "contenttypes.contenttype", "fields": {"model": "emailuser", "name": "user", "app_label": "custom_user"}}, {"pk": 7, "model": "contenttypes.contenttype", "fields": {"model": "migrationhistory", "name": "migration history", "app_label": "south"}}, {"pk": 8, "model": "contenttypes.contenttype", "fields": {"model": "kid", "name": "kid", "app_label": "home"}}, {"pk": 9, "model": "contenttypes.contenttype", "fields": {"model": "item", "name": "item", "app_label": "home"}}, {"pk": 10, "model": "contenttypes.contenttype", "fields": {"model": "itemrequest", "name": "item request", "app_label": "home"}}, {"pk": 11, "model": "contenttypes.contenttype", "fields": {"model": "kbuser", "name": "user", "app_label": "home"}}, {"pk": "0kh4khq1lqxnob3rhvtrsjjfikvhijvb", "model": "sessions.session", "fields": {"expire_date": "2014-07-05T19:49:29.808Z", "session_data": "OTgyOWNiZmNiOWYwNjA4MDY3Zjg3MmNlMjY4YTIwZDg0MGYxY2Y1MTp7Il9hdXRoX3VzZXJfaWQiOjYsIl9hdXRoX3VzZXJfYmFja2VuZCI6ImtpZF9iYXphYXIubGlicy5wYXNzd29yZGxlc3NfYmFja2VuZC5QYXNzd29yZGxlc3NBdXRoQmFja2VuZCJ9"}}, {"pk": "3zehujzcrjb795jksfu36ilbatlc5qlz", "model": "sessions.session", "fields": {"expire_date": "2014-07-05T20:00:16.938Z", "session_data": "MWFmOTJiZDU5YzZlZDQ5MmJlYTY0ODQ5YmRiYTYyZDA2ODY3YTQ0Mzp7fQ=="}}, {"pk": "7kpc0yggrcjt79c4j6cmrg29iyi9al7y", "model": "sessions.session", "fields": {"expire_date": "2014-07-05T19:20:58.553Z", "session_data": "M2MxMjY2ODU5M2U4OTk4MmNjYTA3OWVmNmI0MmM1OWYyMGE3NzJmZjp7Il9hdXRoX3VzZXJfYmFja2VuZCI6ImtpZF9iYXphYXIubGlicy5wYXNzd29yZGxlc3NfYmFja2VuZC5QYXNzd29yZGxlc3NBdXRoQmFja2VuZCIsIl9hdXRoX3VzZXJfaWQiOjZ9"}}, {"pk": "8n0jb0zr0lhkitrghhq738jd4595e415", "model": "sessions.session", "fields": {"expire_date": "2014-07-05T17:44:49.434Z", "session_data": "MmIzNjU3ODlhYzE2ZWM1ZjFiNWIxMzFjYzExMzQwODhmYzcwYjk3ZTp7Il9hdXRoX3VzZXJfaWQiOjEsIl9hdXRoX3VzZXJfYmFja2VuZCI6ImRqYW5nby5jb250cmliLmF1dGguYmFja2VuZHMuTW9kZWxCYWNrZW5kIn0="}}, {"pk": "budcb2833xc709g79eadabg3vf3l8ead", "model": "sessions.session", "fields": {"expire_date": "2014-07-05T20:28:58.930Z", "session_data": "OTNkMWQ1MzUwNGJhNzQ5YWI0NWI2ZjQ1MjA5NGI5YjdhMTE5YzgxNTp7Il9hdXRoX3VzZXJfYmFja2VuZCI6ImtpZF9iYXphYXIubGlicy5wYXNzd29yZGxlc3NfYmFja2VuZC5QYXNzd29yZGxlc3NBdXRoQmFja2VuZCIsIl9hdXRoX3VzZXJfaWQiOjd9"}}, {"pk": "dsyyyfbyz6f27lbmr8kbs2qzxs68gvl1", "model": "sessions.session", "fields": {"expire_date": "2014-07-05T16:47:14.377Z", "session_data": "ZDkyMjg3NjVkMmY1MjQ3NTA2OTQ1M2EwMTcxMWMxMjA2Yjc0YmM5Zjp7Il9hdXRoX3VzZXJfYmFja2VuZCI6ImtpZF9iYXphYXIubGlicy5wYXNzd29yZGxlc3NfYmFja2VuZC5QYXNzd29yZGxlc3NBdXRoQmFja2VuZCIsIl9hdXRoX3VzZXJfaWQiOjJ9"}}, {"pk": "dxfilelrknc2r67pmy2q3xjttx3itwnx", "model": "sessions.session", "fields": {"expire_date": "2014-07-05T18:15:01.542Z", "session_data": "MWE0ZmFmOWQwYzI3ZTA1YzZmYTU4MjRjMzczNGMwNGU4Y2QxOTkyZjp7Il9hdXRoX3VzZXJfYmFja2VuZCI6ImRqYW5nby5jb250cmliLmF1dGguYmFja2VuZHMuTW9kZWxCYWNrZW5kIiwiX2F1dGhfdXNlcl9pZCI6MX0="}}, {"pk": "f7nfktfam9ffi5u7b5hzdv7fdikeuqev", "model": "sessions.session", "fields": {"expire_date": "2014-07-05T20:44:23.686Z", "session_data": "ZDkyMjg3NjVkMmY1MjQ3NTA2OTQ1M2EwMTcxMWMxMjA2Yjc0YmM5Zjp7Il9hdXRoX3VzZXJfYmFja2VuZCI6ImtpZF9iYXphYXIubGlicy5wYXNzd29yZGxlc3NfYmFja2VuZC5QYXNzd29yZGxlc3NBdXRoQmFja2VuZCIsIl9hdXRoX3VzZXJfaWQiOjJ9"}}, {"pk": "kyr7kgcwm4lmexufqvaczk9ou9rt1j24", "model": "sessions.session", "fields": {"expire_date": "2014-07-05T20:43:35.922Z", "session_data": "M2MxMjY2ODU5M2U4OTk4MmNjYTA3OWVmNmI0MmM1OWYyMGE3NzJmZjp7Il9hdXRoX3VzZXJfYmFja2VuZCI6ImtpZF9iYXphYXIubGlicy5wYXNzd29yZGxlc3NfYmFja2VuZC5QYXNzd29yZGxlc3NBdXRoQmFja2VuZCIsIl9hdXRoX3VzZXJfaWQiOjZ9"}}, {"pk": "nnmwi9jloyeaubim59lrg9s7eslq9cs8", "model": "sessions.session", "fields": {"expire_date": "2014-07-05T21:31:10.899Z", "session_data": "ZDkyMjg3NjVkMmY1MjQ3NTA2OTQ1M2EwMTcxMWMxMjA2Yjc0YmM5Zjp7Il9hdXRoX3VzZXJfYmFja2VuZCI6ImtpZF9iYXphYXIubGlicy5wYXNzd29yZGxlc3NfYmFja2VuZC5QYXNzd29yZGxlc3NBdXRoQmFja2VuZCIsIl9hdXRoX3VzZXJfaWQiOjJ9"}}, {"pk": "wsr4kzg05oofpgd0c6w7kp2230selw3h", "model": "sessions.session", "fields": {"expire_date": "2014-07-05T19:29:40.518Z", "session_data": "OTNkMWQ1MzUwNGJhNzQ5YWI0NWI2ZjQ1MjA5NGI5YjdhMTE5YzgxNTp7Il9hdXRoX3VzZXJfYmFja2VuZCI6ImtpZF9iYXphYXIubGlicy5wYXNzd29yZGxlc3NfYmFja2VuZC5QYXNzd29yZGxlc3NBdXRoQmFja2VuZCIsIl9hdXRoX3VzZXJfaWQiOjd9"}}, {"pk": "xw6nnzay9y4rh5j8ek2i6d8z5ekw0aum", "model": "sessions.session", "fields": {"expire_date": "2014-07-05T19:15:20.039Z", "session_data": "MjkwYTQ5ODE0NDYxMDY0YjBiYzI5YWEwNjEzYjU5NWFhYzM1MjZjMDp7Il9hdXRoX3VzZXJfYmFja2VuZCI6ImtpZF9iYXphYXIubGlicy5wYXNzd29yZGxlc3NfYmFja2VuZC5QYXNzd29yZGxlc3NBdXRoQmFja2VuZCIsIl9hdXRoX3VzZXJfaWQiOjN9"}}, {"pk": 1, "model": "south.migrationhistory", "fields": {"applied": "2014-06-21T15:31:00.568Z", "app_name": "home", "migration": "0001_initial"}}, {"pk": 2, "model": "south.migrationhistory", "fields": {"applied": "2014-06-21T15:47:17.001Z", "app_name": "home", "migration": "0002_auto__add_kbuser__chg_field_itemrequest_owner__chg_field_itemrequest_r"}}, {"pk": 3, "model": "south.migrationhistory", "fields": {"applied": "2014-06-21T16:22:02.243Z", "app_name": "home", "migration": "0003_auto__chg_field_kid_parent__add_index_kid_parent"}}, {"pk": 4, "model": "south.migrationhistory", "fields": {"applied": "2014-06-21T18:32:55.615Z", "app_name": "home", "migration": "0004_auto__chg_field_kid_pic__chg_field_item_pic"}}, {"pk": 5, "model": "south.migrationhistory", "fields": {"applied": "2014-06-21T18:39:11.732Z", "app_name": "home", "migration": "0005_auto__add_field_item__is_paid"}}, {"pk": 6, "model": "south.migrationhistory", "fields": {"applied": "2014-06-21T19:10:13.871Z", "app_name": "home", "migration": "0006_auto__del_field_item_used_till"}}, {"pk": 3, "model": "home.item", "fields": {"category": "Furniture", "age_to": 6, "age_from": 0, "name": "Cariboo classic bassinet", "price": "30.00", "pic": "v1403373878/tv8wn0cuezqh3hcpmtcr.jpg", "owner": 3, "_is_paid": true, "description": "The Classic Bassinet is a substantial piece of furniture. The comprehensive design and detailed safety features continue to uphold the Cariboo Classic Bassinet as one of the very best bassinets available. \r\nSuitable for newborns up to approximately five months old, or until they start rolling over or pulling themselves up."}}, {"pk": 14, "model": "home.item", "fields": {"category": "Gear", "age_to": 36, "age_from": 0, "name": "Graco Evo pushchair stroller", "price": "45.00", "pic": "v1403374391/a5wwattdmzyogpjyn1yn.jpg", "owner": 3, "_is_paid": false, "description": "The Graco Evo pushchair stroller is suitable from birth and converts from a lie flat pram to a fully reversible seat. From birth to approx. 3 years (0 - 15 kg)\r\n\u2022 Fully reversible toddler seat, forward or rear facing with three-position seat back recline to full lie flat\r\n\u2022 Convenient one hand fold and extra large shopping basket\r\n\u2022 One-Click travel system allows you to team with the  Junior Baby \r\n\u2022 Includes raincover and footmuff"}}, {"pk": 15, "model": "home.item", "fields": {"category": "Feeding equipment", "age_to": 36, "age_from": 0, "name": "Dr. Brown's Bottle Warmer", "price": "3.00", "pic": "v1403374631/dvdydb82k4txcrst4qma.jpg", "owner": 3, "_is_paid": false, "description": "Made in USA and Imported\r\nWarms standard and wide neck baby bottles and baby food jars\r\nRefillable water chamber warms several bottles before refilling\r\nLCD control panel is easy to read and set for memorizing heating time\r\nAudible alarm with flashing LCD lets you know when ready\r\nCycle memory repeats preferred heating time"}}, {"pk": 17, "model": "home.item", "fields": {"category": "Linens", "age_to": 12, "age_from": 0, "name": "Owl Graco Woodland 3Pc Baby Girl Crib Bedding Set by Kidsline Nursery Newborn", "price": "5.00", "pic": "v1403374908/uebkkqetve9zlqhtuaug.jpg", "owner": 3, "_is_paid": false, "description": "The Girl Woodland 3 Piece Baby Crib Bedding Set includes a quilt, dust ruffle and fitted sheet.\r\n\r\nThe quilt measures 33 inches x 42 inches.\r\n\r\nThe dust ruffle has a 12 inch drop and the fitted sheet is made to fit a standard size 28 inch x 52 inch crib mattress.\r\n\r\nThe fitted sheet is made of 100% cotton.\r\n\r\nThe quilt and dust ruffle are made of 100% polyester and 65% polyester-35% cotton fabrics. Filling is 100% polyester."}}, {"pk": 21, "model": "home.item", "fields": {"category": "Clothes and Linens", "age_to": 48, "age_from": 36, "name": "CHECKED RAINCOAT", "price": "0.00", "pic": "v1403375381/vwlmjstgkeg336sjqosx.jpg", "owner": 3, "_is_paid": false, "description": "CHECKED RAINCOAT"}}, {"pk": 23, "model": "home.item", "fields": {"category": "Education and Toys", "age_to": 72, "age_from": 48, "name": "25 Preschool Kindergarten Childrens Picture Book Grade 1 2 AR Reader Teacher Lot", "price": "0.00", "pic": "v1403375748/wkatxvrhtvfxgsyxt3xk.jpg", "owner": 3, "_is_paid": false, "description": "Popular children's classic picture books  for preschool/kidergarten or grade 1-2 in accelerated or guided reading.  Many popular authors - Patricia Polacco, Leo Lionni, Denise Fleming, Marc Brown, Bill Martin, Jonathan London, and Mercer Mayer.  Most are on the AR reading list and I have listed the book levels and points. The first three are more appropriate for read-aloud. Books have this info penciled in front cover. These are mostly paperback books and two hardbacks. \r\n\r\nMost are in very good condition, and a few have some normal edge wear and corner bends. They all have nice clean pages with rich color pictures and I saw no writing or tears to pages, just a few bends. A few have sticker remnants and most have names in covers. No noticable odors."}}, {"pk": 27, "model": "home.item", "fields": {"category": "Education and Toys", "age_to": 84, "age_from": 48, "name": "Walnut Rocking Horse", "price": "200.00", "pic": "v1403376943/hxecbuhchq4uulzm4e1k.jpg", "owner": 3, "_is_paid": false, "description": "The finest quality walnut wood gives the Premium rocking horse a wonderfully warm appearance with its natural chocolate brown color. To complement the natural rich color of the wood, only real horsehair in natural colors is used to finish the horse. Furthermore, the finest leatherwork is selected to make the saddle and bridle, maintaining a high quality standard to ensure high expectations are satisfied."}}, {"pk": 28, "model": "home.item", "fields": {"category": "Education and Toys", "age_to": 120, "age_from": 60, "name": "BouncePro 14' Trampoline with Steelflex Enclosure and Electron Shooter Game, Dark Blue", "price": "30.00", "pic": "v1403377438/mqmyfebtcjxjlnbb0zsx.jpg", "owner": 3, "_is_paid": false, "description": "This BouncePro 14-foot trampoline with the patented Electron Shooter is the perfect addition to any backyard area. The Bonus Electron Shooter target attaches easily to the enclosure ring, creating extra play value for kids. The galvanized steel frame and UV-resistant jump mat will provide years of safe and fun entertainment. The Steel Flex Safety Enclosure features padded poles for extra protection, UV-resistant PE netting and a steel-cabled ring top to add additional support to the enclosure. The spring-loading tool makes it easier and safer to attach the springs to the mat. BouncePro trampolines come with a 2-year warranty with product registration."}}, {"pk": 29, "model": "home.item", "fields": {"category": "Clothes and Linens", "age_to": 24, "age_from": 18, "name": "CHINO-STYLE TROUSERS WITH SUSPENDERS", "price": "0.00", "pic": "v1403377563/tibnzv7dqsw6bsai5ven.jpg", "owner": 3, "_is_paid": false, "description": "CHINO-STYLE TROUSERS WITH SUSPENDERS"}}, {"pk": 30, "model": "home.item", "fields": {"category": "", "age_to": 4, "age_from": 2, "name": "kid bike", "price": null, "pic": null, "owner": 4, "_is_paid": false, "description": ""}}, {"pk": 31, "model": "home.item", "fields": {"category": "Gear", "age_to": 24, "age_from": 8, "name": "New Babzee Muscial Activity Baby Walker Detachable Play Tray Blue\r\n", "price": "0.00", "pic": "v1403379942/bq6tmlbam1gp1nvr1s9m.jpg", "owner": 3, "_is_paid": false, "description": "Detachable Play Tray with Music, Lights and Toys\r\n \r\nPadded seat unit for babys comfort\r\nThree Height Adjustments\r\n\r\nDetachable and washable seat\r\n\r\nWide base with 4 castors and 6 large rubbers for safety and stability\r\n\r\nFolds compactly for storage and transport\r\n\r\nFolding button with secondary lock\r\n\r\nSuitable from use when child can sit up unaided\r\n\r\nMaximum weight limit 25lbs\r\nToy Tray requires 2 x AA batteries (not included)\r\n\r\nMinimal and simple assembly\r\n\r\nComplies with EN1273.2005"}}, {"pk": 32, "model": "home.item", "fields": {"category": "Gear", "age_to": 72, "age_from": 36, "name": "New Pink Baby Child Children Convertible Car Seat Booster Group 1 2 3 9-36 kg\r\n", "price": "5.00", "pic": "v1403378639/chk0ntqprrdpxahufbju.jpg", "owner": 3, "_is_paid": false, "description": "* Forward facing;\r\n* For baby between 9-36kg (9 months-12 years old);\r\n* Standard Groups: Group 1,2,3;\r\n* 5-point harness;\r\n* Standard crash test;\r\n* Spacious backrest and base for comfortable sitting;\r\n* Easy to convert to be backless booster;\r\n* Multi-adjustable headrest positions;\r\n* EPE foam in the backrest and base to provide comfortable sitting;\r\n* Comfortable, breathable fabric material, more at ease;"}}, {"pk": 33, "model": "home.item", "fields": {"category": "Clothes and Linens", "age_to": 24, "age_from": 18, "name": "Leather blucher\r\n", "price": "0.00", "pic": "v1403378795/xovniv6zyai7l04ayzh5.jpg", "owner": 3, "_is_paid": false, "description": "Leather blucher\r\n"}}, {"pk": 34, "model": "home.item", "fields": {"category": "", "age_to": 5, "age_from": 3, "name": "testitem1", "price": null, "pic": null, "owner": 4, "_is_paid": false, "description": ""}}, {"pk": 35, "model": "home.item", "fields": {"category": "Education and Toys\r\n\r\n\r\n", "age_to": 12, "age_from": 0, "name": " Large Baby Playmat Activity Play Mat", "price": "0.00", "pic": "v1403380025/aby5vzhrvu66cz8jkott.jpg", "owner": 3, "_is_paid": false, "description": "Suitable from birth The mat can be folded to go back into its bag for storage. The toys are safe, educational and designed to stimulate vision, hearing and tactility.\r\n\r\n Encourages developing skills, kicking reaching, tummy play & crawling, strengthening baby\u2019s arm, leg, tummy & neck muscles. Develops hand-eye coordination with toys to bat, grasp & kick. Stimulates senses, colourful graphic patterns offer visual stimulation. Enhances learning through discovery, encourages thinking skills as baby observes & anticipates surprises."}}, {"pk": 36, "model": "home.item", "fields": {"category": "Clothes and Linens", "age_to": 6, "age_from": 0, "name": "SET OF 5 FRUIT BODYSUITS", "price": "0.00", "pic": "v1403379136/aija1kr8y8gaqppsbzws.jpg", "owner": 3, "_is_paid": false, "description": "SET OF 5 FRUIT BODYSUITS"}}, {"pk": 37, "model": "home.item", "fields": {"category": "Furniture", "age_to": 84, "age_from": 36, "name": "Kidkraft White Sleigh Toddler Childrens Bed", "price": "15.00", "pic": "v1403379288/fd8uosruvvheb0gzgitc.jpg", "owner": 3, "_is_paid": false, "description": "Kidkraft White Sleigh Toddler Childrens Bed"}}, {"pk": 38, "model": "home.item", "fields": {"category": "", "age_to": 4, "age_from": 3, "name": "Raszmet", "price": null, "pic": null, "owner": 4, "_is_paid": false, "description": ""}}, {"pk": 39, "model": "home.item", "fields": {"category": "Education and Toys", "age_to": 36, "age_from": 6, "name": "Yellow Four Ducks Baby Kids Bathing Needed Toys Rubber Race Squeaky Warm Hot\r\n", "price": "0.00", "pic": "v1403379721/eqj0ykq6endpi8hke3ox.jpg", "owner": 3, "_is_paid": false, "description": "Yellow Four Ducks Baby Kids Bathing Needed Toys Rubber Race Squeaky Warm Hot\r\n"}}, {"pk": 40, "model": "home.item", "fields": {"category": "Gear", "age_to": 128, "age_from": 72, "name": "Jeep X16 Boys Full Suspension Bike 16\" bicycle orange w training wheels kids NEW\r\n", "price": "7.00", "pic": "v1403379821/pjeyvi7vs4mk7oeelu4o.jpg", "owner": 3, "_is_paid": false, "description": "The rugged Jeep 16\" Boys Bike comes equipped with a real suspension frame and fork that soak up bumps, big or small. This boys bike is simple to put together as it comes with an easy to understand instructions kit. This Jeep bicycle is available in a striking combination of bright orange and black and just looks amazing on roads. This full suspension bike has thicker training wheels that will let your young champ enjoy a safe and comfortable ride. With coaster and front hand brakes, he can quickly, easily, and safely brake even on those rough and uneven surfaces. In short, the Jeep 16\" Boys Bike is a good quality bike and is recommended for children aged between 5 and 8 years.\r\n\r\n\r\n\r\nJeep 16\" Boys Bike with Full Suspension:\r\nFrame: suspension frame\r\nCPSC full wrap chain charge\r\nBrakes: coaster brake and front hand brake\r\nDimensions: 45\"L x 22\"W x 31\"H"}}, {"pk": 41, "model": "home.item", "fields": {"category": "Feeding Equipment", "age_to": 24, "age_from": 0, "name": "Lot of 6 Dr. Brown's 8 oz Polypropylene Bottles EUC!! + EXTRAS BPA Free\r\n", "price": "0.00", "pic": "v1403380141/qqairy3io2qa1chaoytd.jpg", "owner": 3, "_is_paid": false, "description": "Lot of 6 Dr. Brown's 8 oz Polypropylene Bottles EUC!! + EXTRAS BPA Free\r\n"}}, {"pk": 42, "model": "home.item", "fields": {"category": "Others", "age_to": 72, "age_from": 0, "name": "5pcs Baby Changing Diaper Nappy Bag Mummy Mother Multifunctional Handbag\r\n", "price": "0.00", "pic": "v1403380260/q8b3h9aylufwphskefd5.jpg", "owner": 3, "_is_paid": false, "description": "5pcs Baby Changing Diaper Nappy Bag Mummy Mother Multifunctional Handbag\r\n"}}, {"pk": 43, "model": "home.item", "fields": {"category": "", "age_to": 42, "age_from": 30, "name": "testitem2", "price": null, "pic": null, "owner": 4, "_is_paid": false, "description": ""}}, {"pk": 44, "model": "home.item", "fields": {"category": "Clothes and Linens", "age_to": 84, "age_from": 72, "name": "BOTANICAL PRINT DRESS\r\n\r\n", "price": "0.00", "pic": "v1403380480/ukppvlp3zndbb1h0jegz.jpg", "owner": 3, "_is_paid": false, "description": "BOTANICAL PRINT DRESS\r\n\r\n"}}, {"pk": 45, "model": "home.item", "fields": {"category": "Clothes and Linens", "age_to": 84, "age_from": 60, "name": "CANVAS RUCKSACK\r\n", "price": "0.00", "pic": "v1403380614/t359bk9lkxqhbgg56a4h.jpg", "owner": 3, "_is_paid": false, "description": "CANVAS RUCKSACK\r\n"}}, {"pk": 46, "model": "home.item", "fields": {"category": "", "age_to": 38, "age_from": 3, "name": "testitem3", "price": null, "pic": null, "owner": 4, "_is_paid": false, "description": ""}}, {"pk": 47, "model": "home.item", "fields": {"category": "Education and Toys", "age_to": 174, "age_from": 84, "name": "9 Children DVD - Incredibles, Jumanji, Sesame Games & Dance, The Wild, Superman\r\n", "price": "0.00", "pic": "v1403380776/kzdnksvdqnghvpphndlc.jpg", "owner": 3, "_is_paid": false, "description": "9 Children DVD - Incredibles, Jumanji, Sesame Games & Dance, The Wild, Superman\r\n\r\n9 Children\u2019s DVDs\r\n\r\n \r\n\r\n\u00b7       1 - 2. The Incredibles  (Animation) <Full Screen> {2 Disc Collector\u2019s Edition \u2013 Exclusive DVD Bonus Features} (Very Good Condition)\r\n\u00b7       3 - 4. Jumanji (Robin Williams, Kirsten Dunst, Bradley Pierce, Bonnie Hunt) <Wide Screen> {2 Disc Set} (Like New Condition)\r\n\u00b7       5. Sesame Street Play-Along Games & Songs (Animation) (Acceptable Condition)\r\n\u00b7       6. Sesame Street Get Up and Dance (Animation) (This includes the Get Up and Dance DVD.  It does not include the CD Sampler (Acceptable Condition)\r\n\u00b7       7. Walt Disney \u2013 The Wild (Animation) (Acceptable Condition)\r\n\u00b7       8 - 9. The New Adventures of Superman  (Animation) {2 Disc Set} (Acceptable Condition)"}}, {"pk": 48, "model": "home.item", "fields": {"category": "", "age_to": 0, "age_from": 0, "name": "testitem4", "price": null, "pic": null, "owner": 4, "_is_paid": false, "description": ""}}, {"pk": 49, "model": "home.item", "fields": {"category": "", "age_to": 0, "age_from": 0, "name": "testpic", "price": null, "pic": null, "owner": 4, "_is_paid": false, "description": ""}}, {"pk": 1, "model": "auth.permission", "fields": {"codename": "add_logentry", "name": "Can add log entry", "content_type": 1}}, {"pk": 2, "model": "auth.permission", "fields": {"codename": "change_logentry", "name": "Can change log entry", "content_type": 1}}, {"pk": 3, "model": "auth.permission", "fields": {"codename": "delete_logentry", "name": "Can delete log entry", "content_type": 1}}, {"pk": 4, "model": "auth.permission", "fields": {"codename": "add_permission", "name": "Can add permission", "content_type": 2}}, {"pk": 5, "model": "auth.permission", "fields": {"codename": "change_permission", "name": "Can change permission", "content_type": 2}}, {"pk": 6, "model": "auth.permission", "fields": {"codename": "delete_permission", "name": "Can delete permission", "content_type": 2}}, {"pk": 7, "model": "auth.permission", "fields": {"codename": "add_group", "name": "Can add group", "content_type": 3}}, {"pk": 8, "model": "auth.permission", "fields": {"codename": "change_group", "name": "Can change group", "content_type": 3}}, {"pk": 9, "model": "auth.permission", "fields": {"codename": "delete_group", "name": "Can delete group", "content_type": 3}}, {"pk": 10, "model": "auth.permission", "fields": {"codename": "add_contenttype", "name": "Can add content type", "content_type": 4}}, {"pk": 11, "model": "auth.permission", "fields": {"codename": "change_contenttype", "name": "Can change content type", "content_type": 4}}, {"pk": 12, "model": "auth.permission", "fields": {"codename": "delete_contenttype", "name": "Can delete content type", "content_type": 4}}, {"pk": 13, "model": "auth.permission", "fields": {"codename": "add_session", "name": "Can add session", "content_type": 5}}, {"pk": 14, "model": "auth.permission", "fields": {"codename": "change_session", "name": "Can change session", "content_type": 5}}, {"pk": 15, "model": "auth.permission", "fields": {"codename": "delete_session", "name": "Can delete session", "content_type": 5}}, {"pk": 16, "model": "auth.permission", "fields": {"codename": "add_emailuser", "name": "Can add user", "content_type": 6}}, {"pk": 17, "model": "auth.permission", "fields": {"codename": "change_emailuser", "name": "Can change user", "content_type": 6}}, {"pk": 18, "model": "auth.permission", "fields": {"codename": "delete_emailuser", "name": "Can delete user", "content_type": 6}}, {"pk": 19, "model": "auth.permission", "fields": {"codename": "add_migrationhistory", "name": "Can add migration history", "content_type": 7}}, {"pk": 20, "model": "auth.permission", "fields": {"codename": "change_migrationhistory", "name": "Can change migration history", "content_type": 7}}, {"pk": 21, "model": "auth.permission", "fields": {"codename": "delete_migrationhistory", "name": "Can delete migration history", "content_type": 7}}, {"pk": 22, "model": "auth.permission", "fields": {"codename": "add_kid", "name": "Can add kid", "content_type": 8}}, {"pk": 23, "model": "auth.permission", "fields": {"codename": "change_kid", "name": "Can change kid", "content_type": 8}}, {"pk": 24, "model": "auth.permission", "fields": {"codename": "delete_kid", "name": "Can delete kid", "content_type": 8}}, {"pk": 25, "model": "auth.permission", "fields": {"codename": "add_item", "name": "Can add item", "content_type": 9}}, {"pk": 26, "model": "auth.permission", "fields": {"codename": "change_item", "name": "Can change item", "content_type": 9}}, {"pk": 27, "model": "auth.permission", "fields": {"codename": "delete_item", "name": "Can delete item", "content_type": 9}}, {"pk": 28, "model": "auth.permission", "fields": {"codename": "add_itemrequest", "name": "Can add item request", "content_type": 10}}, {"pk": 29, "model": "auth.permission", "fields": {"codename": "change_itemrequest", "name": "Can change item request", "content_type": 10}}, {"pk": 30, "model": "auth.permission", "fields": {"codename": "delete_itemrequest", "name": "Can delete item request", "content_type": 10}}, {"pk": 31, "model": "auth.permission", "fields": {"codename": "add_kbuser", "name": "Can add user", "content_type": 11}}, {"pk": 32, "model": "auth.permission", "fields": {"codename": "change_kbuser", "name": "Can change user", "content_type": 11}}, {"pk": 33, "model": "auth.permission", "fields": {"codename": "delete_kbuser", "name": "Can delete user", "content_type": 11}}, {"pk": 1, "model": "home.kbuser", "fields": {"merchant_id": "666", "is_active": true, "is_superuser": true, "is_staff": true, "last_login": "2014-06-21T20:27:39.703Z", "groups": [], "user_permissions": [], "password": "pbkdf2_sha256$12000$dKmZfk7p7kxG$WicH/kKwCZjtZ3223wPTddS4dKBy0kcI+k2QCubQFtE=", "email": "admin@admin.com", "date_joined": "2014-06-21T15:49:33Z"}}, {"pk": 2, "model": "home.kbuser", "fields": {"merchant_id": "mat_jankowski____gmail_com", "is_active": true, "is_superuser": false, "is_staff": false, "last_login": "2014-06-21T21:31:10.778Z", "groups": [], "user_permissions": [], "password": "", "email": "mat.jankowski@gmail.com", "date_joined": "2014-06-21T16:31:19.384Z"}}, {"pk": 3, "model": "home.kbuser", "fields": {"merchant_id": null, "is_active": true, "is_superuser": false, "is_staff": false, "last_login": "2014-06-21T19:15:19.793Z", "groups": [], "user_permissions": [], "password": "", "email": "marcin.ossowski@gmail.com", "date_joined": "2014-06-21T16:42:34.075Z"}}, {"pk": 4, "model": "home.kbuser", "fields": {"merchant_id": null, "is_active": true, "is_superuser": false, "is_staff": false, "last_login": "2014-06-21T16:46:48.395Z", "groups": [], "user_permissions": [], "password": "", "email": "kamil@kujawinski.net", "date_joined": "2014-06-21T16:46:47.876Z"}}, {"pk": 6, "model": "home.kbuser", "fields": {"merchant_id": "foo____foo_com", "is_active": true, "is_superuser": false, "is_staff": false, "last_login": "2014-06-21T21:01:08.477Z", "groups": [], "user_permissions": [], "password": "", "email": "foo@foo.com", "date_joined": "2014-06-21T16:57:45.248Z"}}, {"pk": 7, "model": "home.kbuser", "fields": {"merchant_id": "foo", "is_active": true, "is_superuser": false, "is_staff": false, "last_login": "2014-06-21T20:28:58.795Z", "groups": [], "user_permissions": [], "password": "", "email": "foo", "date_joined": "2014-06-21T19:29:37.885Z"}}, {"pk": 3, "model": "home.kid", "fields": {"birthday": "2013-04-21", "pic": "v1403368840/aicq5ho9vw6b1xold0tb.jpg", "name": "Johnny", "parent": 2, "sex": ""}}, {"pk": 4, "model": "home.kid", "fields": {"birthday": "2013-10-09", "pic": "v1403374612/fvipevhydhxrcvqeaua0.jpg", "name": "pikachu", "parent": 3, "sex": ""}}, {"pk": 1, "model": "admin.logentry", "fields": {"action_flag": 1, "action_time": "2014-06-21T15:36:16.370Z", "object_repr": "Kid object", "object_id": "2", "change_message": "", "user": 1, "content_type": 8}}, {"pk": 2, "model": "admin.logentry", "fields": {"action_flag": 1, "action_time": "2014-06-21T15:36:25.884Z", "object_repr": "Item object", "object_id": "1", "change_message": "", "user": 1, "content_type": 9}}, {"pk": 3, "model": "admin.logentry", "fields": {"action_flag": 2, "action_time": "2014-06-21T15:55:37.465Z", "object_repr": "admin@admin.com", "object_id": "1", "change_message": "Changed merchant_id.", "user": 1, "content_type": 11}}, {"pk": 4, "model": "admin.logentry", "fields": {"action_flag": 1, "action_time": "2014-06-21T16:40:40.649Z", "object_repr": "Kid object", "object_id": "3", "change_message": "", "user": 1, "content_type": 8}}, {"pk": 5, "model": "admin.logentry", "fields": {"action_flag": 1, "action_time": "2014-06-21T16:41:08.139Z", "object_repr": "Item object", "object_id": "2", "change_message": "", "user": 1, "content_type": 9}}, {"pk": 6, "model": "admin.logentry", "fields": {"action_flag": 2, "action_time": "2014-06-21T16:44:25.457Z", "object_repr": "Kid object", "object_id": "2", "change_message": "Changed parent.", "user": 1, "content_type": 8}}, {"pk": 7, "model": "admin.logentry", "fields": {"action_flag": 3, "action_time": "2014-06-21T16:57:33.750Z", "object_repr": "foo@foo.com [merchant_id=None]", "object_id": "5", "change_message": "", "user": 1, "content_type": 11}}, {"pk": 8, "model": "admin.logentry", "fields": {"action_flag": 3, "action_time": "2014-06-21T17:47:00.590Z", "object_repr": " of mat.jankowski@gmail.com [merchant_id=mat_jankowski____gmail_com]", "object_id": "2", "change_message": "", "user": 1, "content_type": 8}}, {"pk": 9, "model": "admin.logentry", "fields": {"action_flag": 1, "action_time": "2014-06-21T18:04:38.926Z", "object_repr": "Cariboo classic bassinet of mat.jankowski@gmail.com [merchant_id=mat_jankowski____gmail_com]", "object_id": "3", "change_message": "", "user": 1, "content_type": 9}}, {"pk": 10, "model": "admin.logentry", "fields": {"action_flag": 2, "action_time": "2014-06-21T18:04:52.681Z", "object_repr": " of mat.jankowski@gmail.com [merchant_id=mat_jankowski____gmail_com]", "object_id": "3", "change_message": "Changed birthday.", "user": 1, "content_type": 8}}, {"pk": 11, "model": "admin.logentry", "fields": {"action_flag": 1, "action_time": "2014-06-21T18:11:42.579Z", "object_repr": "Graco Evo pushchair stroller of mat.jankowski@gmail.com [merchant_id=mat_jankowski____gmail_com]", "object_id": "5", "change_message": "", "user": 1, "content_type": 9}}, {"pk": 12, "model": "admin.logentry", "fields": {"action_flag": 1, "action_time": "2014-06-21T18:11:43.995Z", "object_repr": "Graco Evo pushchair stroller of mat.jankowski@gmail.com [merchant_id=mat_jankowski____gmail_com]", "object_id": "6", "change_message": "", "user": 1, "content_type": 9}}, {"pk": 13, "model": "admin.logentry", "fields": {"action_flag": 1, "action_time": "2014-06-21T18:11:45.536Z", "object_repr": "Graco Evo pushchair stroller of mat.jankowski@gmail.com [merchant_id=mat_jankowski____gmail_com]", "object_id": "7", "change_message": "", "user": 1, "content_type": 9}}, {"pk": 14, "model": "admin.logentry", "fields": {"action_flag": 1, "action_time": "2014-06-21T18:12:17.037Z", "object_repr": "Graco Evo pushchair stroller of mat.jankowski@gmail.com [merchant_id=mat_jankowski____gmail_com]", "object_id": "8", "change_message": "", "user": 1, "content_type": 9}}, {"pk": 15, "model": "admin.logentry", "fields": {"action_flag": 1, "action_time": "2014-06-21T18:12:18.437Z", "object_repr": "Graco Evo pushchair stroller of mat.jankowski@gmail.com [merchant_id=mat_jankowski____gmail_com]", "object_id": "9", "change_message": "", "user": 1, "content_type": 9}}, {"pk": 16, "model": "admin.logentry", "fields": {"action_flag": 1, "action_time": "2014-06-21T18:12:35.732Z", "object_repr": "Graco Evo pushchair stroller of mat.jankowski@gmail.com [merchant_id=mat_jankowski____gmail_com]", "object_id": "10", "change_message": "", "user": 1, "content_type": 9}}, {"pk": 17, "model": "admin.logentry", "fields": {"action_flag": 1, "action_time": "2014-06-21T18:12:37.075Z", "object_repr": "Graco Evo pushchair stroller of mat.jankowski@gmail.com [merchant_id=mat_jankowski____gmail_com]", "object_id": "11", "change_message": "", "user": 1, "content_type": 9}}, {"pk": 18, "model": "admin.logentry", "fields": {"action_flag": 1, "action_time": "2014-06-21T18:12:38.459Z", "object_repr": "Graco Evo pushchair stroller of mat.jankowski@gmail.com [merchant_id=mat_jankowski____gmail_com]", "object_id": "12", "change_message": "", "user": 1, "content_type": 9}}, {"pk": 19, "model": "admin.logentry", "fields": {"action_flag": 1, "action_time": "2014-06-21T18:13:09.928Z", "object_repr": "Graco Evo pushchair stroller of mat.jankowski@gmail.com [merchant_id=mat_jankowski____gmail_com]", "object_id": "13", "change_message": "", "user": 1, "content_type": 9}}, {"pk": 20, "model": "admin.logentry", "fields": {"action_flag": 1, "action_time": "2014-06-21T18:13:11.440Z", "object_repr": "Graco Evo pushchair stroller of mat.jankowski@gmail.com [merchant_id=mat_jankowski____gmail_com]", "object_id": "14", "change_message": "", "user": 1, "content_type": 9}}, {"pk": 21, "model": "admin.logentry", "fields": {"action_flag": 1, "action_time": "2014-06-21T18:16:54.172Z", "object_repr": "Kid object", "object_id": "4", "change_message": "", "user": 1, "content_type": 8}}, {"pk": 22, "model": "admin.logentry", "fields": {"action_flag": 1, "action_time": "2014-06-21T18:17:12.168Z", "object_repr": "Dr. Brown's Bottle Warmer of mat.jankowski@gmail.com [merchant_id=mat_jankowski____gmail_com]", "object_id": "15", "change_message": "", "user": 1, "content_type": 9}}, {"pk": 23, "model": "admin.logentry", "fields": {"action_flag": 2, "action_time": "2014-06-21T18:17:13.216Z", "object_repr": " of mat.jankowski@gmail.com [merchant_id=mat_jankowski____gmail_com]", "object_id": "3", "change_message": "Changed birthday.", "user": 1, "content_type": 8}}, {"pk": 24, "model": "admin.logentry", "fields": {"action_flag": 2, "action_time": "2014-06-21T18:17:27.339Z", "object_repr": " of mat.jankowski@gmail.com [merchant_id=mat_jankowski____gmail_com]", "object_id": "3", "change_message": "Changed birthday.", "user": 1, "content_type": 8}}, {"pk": 25, "model": "admin.logentry", "fields": {"action_flag": 1, "action_time": "2014-06-21T18:21:49.080Z", "object_repr": "Owl Graco Woodland 3Pc Baby Girl Crib Bedding Set by Kidsline Nursery Newborn of mat.jankowski@gmail.com [merchant_id=mat_jankowski____gmail_com]", "object_id": "17", "change_message": "", "user": 1, "content_type": 9}}, {"pk": 26, "model": "admin.logentry", "fields": {"action_flag": 1, "action_time": "2014-06-21T18:29:42.046Z", "object_repr": "CHECKED RAINCOAT of mat.jankowski@gmail.com [merchant_id=mat_jankowski____gmail_com]", "object_id": "21", "change_message": "", "user": 1, "content_type": 9}}, {"pk": 27, "model": "admin.logentry", "fields": {"action_flag": 1, "action_time": "2014-06-21T18:35:49.042Z", "object_repr": "25 Preschool Kindergarten Childrens Picture Book Grade 1 2 AR Reader Teacher Lot of mat.jankowski@gmail.com [merchant_id=mat_jankowski____gmail_com]", "object_id": "23", "change_message": "", "user": 1, "content_type": 9}}, {"pk": 28, "model": "admin.logentry", "fields": {"action_flag": 3, "action_time": "2014-06-21T18:43:19.284Z", "object_repr": "Graco Evo pushchair stroller of mat.jankowski@gmail.com [merchant_id=mat_jankowski____gmail_com]", "object_id": "5", "change_message": "", "user": 1, "content_type": 9}}, {"pk": 29, "model": "admin.logentry", "fields": {"action_flag": 3, "action_time": "2014-06-21T18:43:27.931Z", "object_repr": "Graco Evo pushchair stroller of mat.jankowski@gmail.com [merchant_id=mat_jankowski____gmail_com]", "object_id": "6", "change_message": "", "user": 1, "content_type": 9}}, {"pk": 30, "model": "admin.logentry", "fields": {"action_flag": 3, "action_time": "2014-06-21T18:43:33.851Z", "object_repr": "Graco Evo pushchair stroller of mat.jankowski@gmail.com [merchant_id=mat_jankowski____gmail_com]", "object_id": "7", "change_message": "", "user": 1, "content_type": 9}}, {"pk": 31, "model": "admin.logentry", "fields": {"action_flag": 3, "action_time": "2014-06-21T18:43:40.849Z", "object_repr": "Graco Evo pushchair stroller of mat.jankowski@gmail.com [merchant_id=mat_jankowski____gmail_com]", "object_id": "8", "change_message": "", "user": 1, "content_type": 9}}, {"pk": 32, "model": "admin.logentry", "fields": {"action_flag": 3, "action_time": "2014-06-21T18:43:47.721Z", "object_repr": "Graco Evo pushchair stroller of mat.jankowski@gmail.com [merchant_id=mat_jankowski____gmail_com]", "object_id": "9", "change_message": "", "user": 1, "content_type": 9}}, {"pk": 33, "model": "admin.logentry", "fields": {"action_flag": 3, "action_time": "2014-06-21T18:43:55.384Z", "object_repr": "Graco Evo pushchair stroller of mat.jankowski@gmail.com [merchant_id=mat_jankowski____gmail_com]", "object_id": "10", "change_message": "", "user": 1, "content_type": 9}}, {"pk": 34, "model": "admin.logentry", "fields": {"action_flag": 3, "action_time": "2014-06-21T18:44:03.713Z", "object_repr": "Graco Evo pushchair stroller of mat.jankowski@gmail.com [merchant_id=mat_jankowski____gmail_com]", "object_id": "11", "change_message": "", "user": 1, "content_type": 9}}, {"pk": 35, "model": "admin.logentry", "fields": {"action_flag": 3, "action_time": "2014-06-21T18:44:20.270Z", "object_repr": "Graco Evo pushchair stroller of mat.jankowski@gmail.com [merchant_id=mat_jankowski____gmail_com]", "object_id": "12", "change_message": "", "user": 1, "content_type": 9}}, {"pk": 36, "model": "admin.logentry", "fields": {"action_flag": 3, "action_time": "2014-06-21T18:44:27.628Z", "object_repr": "Graco Evo pushchair stroller of mat.jankowski@gmail.com [merchant_id=mat_jankowski____gmail_com]", "object_id": "13", "change_message": "", "user": 1, "content_type": 9}}, {"pk": 37, "model": "admin.logentry", "fields": {"action_flag": 1, "action_time": "2014-06-21T18:55:43.875Z", "object_repr": "Walnut Rocking Horse of mat.jankowski@gmail.com [merchant_id=mat_jankowski____gmail_com]", "object_id": "27", "change_message": "", "user": 1, "content_type": 9}}, {"pk": 38, "model": "admin.logentry", "fields": {"action_flag": 1, "action_time": "2014-06-21T19:03:58.719Z", "object_repr": "BouncePro 14' Trampoline with Steelflex Enclosure and Electron Shooter Game, Dark Blue of mat.jankowski@gmail.com [merchant_id=mat_jankowski____gmail_com]", "object_id": "28", "change_message": "", "user": 1, "content_type": 9}}, {"pk": 39, "model": "admin.logentry", "fields": {"action_flag": 1, "action_time": "2014-06-21T19:06:04.033Z", "object_repr": "CHINO-STYLE TROUSERS WITH SUSPENDERS of mat.jankowski@gmail.com [merchant_id=mat_jankowski____gmail_com]", "object_id": "29", "change_message": "", "user": 1, "content_type": 9}}, {"pk": 40, "model": "admin.logentry", "fields": {"action_flag": 1, "action_time": "2014-06-21T19:20:54.063Z", "object_repr": "New Babzee Muscial Activity Baby Walker Detachable Play Tray Blue\r\n of mat.jankowski@gmail.com [merchant_id=mat_jankowski____gmail_com]", "object_id": "31", "change_message": "", "user": 1, "content_type": 9}}, {"pk": 41, "model": "admin.logentry", "fields": {"action_flag": 1, "action_time": "2014-06-21T19:23:59.646Z", "object_repr": "New Pink Baby Child Children Convertible Car Seat Booster Group 1 2 3 9-36 kg\r\n of mat.jankowski@gmail.com [merchant_id=mat_jankowski____gmail_com]", "object_id": "32", "change_message": "", "user": 1, "content_type": 9}}, {"pk": 42, "model": "admin.logentry", "fields": {"action_flag": 3, "action_time": "2014-06-21T19:24:34.966Z", "object_repr": "aaa of mat.jankowski@gmail.com [merchant_id=mat_jankowski____gmail_com]", "object_id": "2", "change_message": "", "user": 1, "content_type": 9}}, {"pk": 43, "model": "admin.logentry", "fields": {"action_flag": 1, "action_time": "2014-06-21T19:26:35.765Z", "object_repr": "Leather blucher\r\n of mat.jankowski@gmail.com [merchant_id=mat_jankowski____gmail_com]", "object_id": "33", "change_message": "", "user": 1, "content_type": 9}}, {"pk": 44, "model": "admin.logentry", "fields": {"action_flag": 1, "action_time": "2014-06-21T19:29:42.264Z", "object_repr": " Large Baby Playmat Activity Play Mat of mat.jankowski@gmail.com [merchant_id=mat_jankowski____gmail_com]", "object_id": "35", "change_message": "", "user": 1, "content_type": 9}}, {"pk": 45, "model": "admin.logentry", "fields": {"action_flag": 1, "action_time": "2014-06-21T19:32:16.993Z", "object_repr": "SET OF 5 FRUIT BODYSUITS of mat.jankowski@gmail.com [merchant_id=mat_jankowski____gmail_com]", "object_id": "36", "change_message": "", "user": 1, "content_type": 9}}, {"pk": 46, "model": "admin.logentry", "fields": {"action_flag": 1, "action_time": "2014-06-21T19:34:48.728Z", "object_repr": "Kidkraft White Sleigh Toddler Childrens Bed of mat.jankowski@gmail.com [merchant_id=mat_jankowski____gmail_com]", "object_id": "37", "change_message": "", "user": 1, "content_type": 9}}, {"pk": 47, "model": "admin.logentry", "fields": {"action_flag": 1, "action_time": "2014-06-21T19:42:02.224Z", "object_repr": "Yellow Four Ducks Baby Kids Bathing Needed Toys Rubber Race Squeaky Warm Hot\r\n of mat.jankowski@gmail.com [merchant_id=mat_jankowski____gmail_com]", "object_id": "39", "change_message": "", "user": 1, "content_type": 9}}, {"pk": 48, "model": "admin.logentry", "fields": {"action_flag": 1, "action_time": "2014-06-21T19:43:41.217Z", "object_repr": "Jeep X16 Boys Full Suspension Bike 16\" bicycle orange w training wheels kids NEW\r\n of mat.jankowski@gmail.com [merchant_id=mat_jankowski____gmail_com]", "object_id": "40", "change_message": "", "user": 1, "content_type": 9}}, {"pk": 49, "model": "admin.logentry", "fields": {"action_flag": 2, "action_time": "2014-06-21T19:44:38.096Z", "object_repr": " Large Baby Playmat Activity Play Mat of mat.jankowski@gmail.com [merchant_id=mat_jankowski____gmail_com]", "object_id": "35", "change_message": "Changed description and category.", "user": 1, "content_type": 9}}, {"pk": 50, "model": "admin.logentry", "fields": {"action_flag": 2, "action_time": "2014-06-21T19:45:43.230Z", "object_repr": "New Babzee Muscial Activity Baby Walker Detachable Play Tray Blue\r\n of mat.jankowski@gmail.com [merchant_id=mat_jankowski____gmail_com]", "object_id": "31", "change_message": "Changed pic.", "user": 1, "content_type": 9}}, {"pk": 51, "model": "admin.logentry", "fields": {"action_flag": 2, "action_time": "2014-06-21T19:47:05.367Z", "object_repr": " Large Baby Playmat Activity Play Mat of mat.jankowski@gmail.com [merchant_id=mat_jankowski____gmail_com]", "object_id": "35", "change_message": "Changed pic.", "user": 1, "content_type": 9}}, {"pk": 52, "model": "admin.logentry", "fields": {"action_flag": 1, "action_time": "2014-06-21T19:49:02.051Z", "object_repr": "Lot of 6 Dr. Brown's 8 oz Polypropylene Bottles EUC!! + EXTRAS BPA Free\r\n of mat.jankowski@gmail.com [merchant_id=mat_jankowski____gmail_com]", "object_id": "41", "change_message": "", "user": 1, "content_type": 9}}, {"pk": 53, "model": "admin.logentry", "fields": {"action_flag": 1, "action_time": "2014-06-21T19:51:00.641Z", "object_repr": "5pcs Baby Changing Diaper Nappy Bag Mummy Mother Multifunctional Handbag\r\n of mat.jankowski@gmail.com [merchant_id=mat_jankowski____gmail_com]", "object_id": "42", "change_message": "", "user": 1, "content_type": 9}}, {"pk": 54, "model": "admin.logentry", "fields": {"action_flag": 1, "action_time": "2014-06-21T19:54:41.115Z", "object_repr": "BOTANICAL PRINT DRESS\r\n\r\n of mat.jankowski@gmail.com [merchant_id=mat_jankowski____gmail_com]", "object_id": "44", "change_message": "", "user": 1, "content_type": 9}}, {"pk": 55, "model": "admin.logentry", "fields": {"action_flag": 2, "action_time": "2014-06-21T19:55:56.385Z", "object_repr": "Johnny of mat.jankowski@gmail.com [merchant_id=mat_jankowski____gmail_com]", "object_id": "3", "change_message": "Changed name.", "user": 1, "content_type": 8}}, {"pk": 56, "model": "admin.logentry", "fields": {"action_flag": 1, "action_time": "2014-06-21T19:56:54.558Z", "object_repr": "CANVAS RUCKSACK\r\n of mat.jankowski@gmail.com [merchant_id=mat_jankowski____gmail_com]", "object_id": "45", "change_message": "", "user": 1, "content_type": 9}}, {"pk": 57, "model": "admin.logentry", "fields": {"action_flag": 1, "action_time": "2014-06-21T19:59:36.679Z", "object_repr": "9 Children DVD - Incredibles, Jumanji, Sesame Games & Dance, The Wild, Superman\r\n of mat.jankowski@gmail.com [merchant_id=mat_jankowski____gmail_com]", "object_id": "47", "change_message": "", "user": 1, "content_type": 9}}]